Datetime,Water Level (m)
2025-10-15 12:00:00,0.7208383
2025-10-15 13:00:00,0.7441341
2025-10-15 14:00:00,0.6268189
2025-10-15 15:00:00,0.35325882
2025-10-15 16:00:00,0.006361453
2025-10-15 17:00:00,-0.27624762
2025-10-15 18:00:00,-0.4023752
2025-10-15 19:00:00,-0.36422434
2025-10-15 20:00:00,-0.16615902
2025-10-15 21:00:00,0.16740313
2025-10-15 22:00:00,0.5469646
2025-10-15 23:00:00,0.8368946
2025-10-16 00:00:00,1.0128762
2025-10-16 01:00:00,1.0749868
2025-10-16 02:00:00,0.9568203
2025-10-16 03:00:00,0.6173563
2025-10-16 04:00:00,0.15376502
2025-10-16 05:00:00,-0.27908066
2025-10-16 06:00:00,-0.59048355
2025-10-16 07:00:00,-0.74053496
2025-10-16 08:00:00,-0.6592316
2025-10-16 09:00:00,-0.3247882
2025-10-16 10:00:00,0.10518743
2025-10-16 11:00:00,0.49605948
2025-10-16 12:00:00,0.78607523
2025-10-16 13:00:00,0.96723044
2025-10-16 14:00:00,1.0061295
2025-10-16 15:00:00,0.8255792
2025-10-16 16:00:00,0.45621789
2025-10-16 17:00:00,0.009007976
2025-10-16 18:00:00,-0.35119832
2025-10-16 19:00:00,-0.56921816
2025-10-16 20:00:00,-0.5862667
2025-10-16 21:00:00,-0.34708026
2025-10-16 22:00:00,0.07336596
2025-10-16 23:00:00,0.5255022
2025-10-17 00:00:00,0.8945334
2025-10-17 01:00:00,1.1201935
2025-10-17 02:00:00,1.1818773
2025-10-17 03:00:00,1.016825
2025-10-17 04:00:00,0.612729
2025-10-17 05:00:00,0.06258301
2025-10-17 06:00:00,-0.4327192
2025-10-17 07:00:00,-0.777051
2025-10-17 08:00:00,-0.9045754
2025-10-17 09:00:00,-0.7100385
2025-10-17 10:00:00,-0.26588088
2025-10-17 11:00:00,0.24120936
2025-10-17 12:00:00,0.6946238
2025-10-17 13:00:00,1.0214853
2025-10-17 14:00:00,1.2006404
2025-10-17 15:00:00,1.1744542
2025-10-17 16:00:00,0.8781107
2025-10-17 17:00:00,0.3852919
2025-10-17 18:00:00,-0.1520947
2025-10-17 19:00:00,-0.56922907
2025-10-17 20:00:00,-0.8017866
2025-10-17 21:00:00,-0.7495054
2025-10-17 22:00:00,-0.34455103
2025-10-17 23:00:00,0.17559864
2025-10-18 00:00:00,0.6811413
2025-10-18 01:00:00,1.0525976
2025-10-18 02:00:00,1.2552123
2025-10-18 03:00:00,1.2484372
2025-10-18 04:00:00,0.9831532
2025-10-18 05:00:00,0.47816804
2025-10-18 06:00:00,-0.14076748
2025-10-18 07:00:00,-0.64517534
2025-10-18 08:00:00,-0.9637062
2025-10-18 09:00:00,-1.0052527
2025-10-18 10:00:00,-0.6111728
2025-10-18 11:00:00,-0.03327632
2025-10-18 12:00:00,0.5229425
2025-10-18 13:00:00,0.98405623
2025-10-18 14:00:00,1.2886063
2025-10-18 15:00:00,1.3977826
2025-10-18 16:00:00,1.2389314
2025-10-18 17:00:00,0.7977663
2025-10-18 18:00:00,0.17531843
2025-10-18 19:00:00,-0.3999457
2025-10-18 20:00:00,-0.8095905
2025-10-18 21:00:00,-0.9730547
2025-10-18 22:00:00,-0.7332847
2025-10-18 23:00:00,-0.19226961
2025-10-19 00:00:00,0.3984539
2025-10-19 01:00:00,0.90988207
2025-10-19 02:00:00,1.2351713
2025-10-19 03:00:00,1.344075
2025-10-19 04:00:00,1.2103268
2025-10-19 05:00:00,0.81394106
2025-10-19 06:00:00,0.19614941
2025-10-19 07:00:00,-0.42539343
2025-10-19 08:00:00,-0.88658273
2025-10-19 09:00:00,-1.117779
2025-10-19 10:00:00,-0.9431222
2025-10-19 11:00:00,-0.37095177
2025-10-19 12:00:00,0.26075578
2025-10-19 13:00:00,0.85529804
2025-10-19 14:00:00,1.2946559
2025-10-19 15:00:00,1.5124239
2025-10-19 16:00:00,1.4653348
2025-10-19 17:00:00,1.1176753
2025-10-19 18:00:00,0.5468306
2025-10-19 19:00:00,-0.13117932
2025-10-19 20:00:00,-0.68744016
2025-10-19 21:00:00,-1.03291
2025-10-19 22:00:00,-1.0592562
2025-10-19 23:00:00,-0.5887292
2025-10-20 00:00:00,0.05741208
2025-10-20 01:00:00,0.66496485
2025-10-20 02:00:00,1.1196486
2025-10-20 03:00:00,1.3481005
2025-10-20 04:00:00,1.333867
2025-10-20 05:00:00,1.0420696
2025-10-20 06:00:00,0.5229661
2025-10-20 07:00:00,-0.15028071
2025-10-20 08:00:00,-0.7223818
2025-10-20 09:00:00,-1.1018667
2025-10-20 10:00:00,-1.1776778
2025-10-20 11:00:00,-0.7149557
2025-10-20 12:00:00,-0.036749594
2025-10-20 13:00:00,0.62759775
2025-10-20 14:00:00,1.1959648
2025-10-20 15:00:00,1.5464065
2025-10-20 16:00:00,1.6186581
2025-10-20 17:00:00,1.374896
2025-10-20 18:00:00,0.87382
2025-10-20 19:00:00,0.1729216
2025-10-20 20:00:00,-0.47709888
2025-10-20 21:00:00,-0.9498982
2025-10-20 22:00:00,-1.1752068
2025-10-20 23:00:00,-0.9509737
2025-10-21 00:00:00,-0.29591623
2025-10-21 01:00:00,0.35711762
2025-10-21 02:00:00,0.9107501
2025-10-21 03:00:00,1.2591656
2025-10-21 04:00:00,1.3587146
2025-10-21 05:00:00,1.1850017
2025-10-21 06:00:00,0.7526547
2025-10-21 07:00:00,0.13186716
2025-10-21 08:00:00,-0.51222193
2025-10-21 09:00:00,-0.9952877
2025-10-21 10:00:00,-1.2579061
2025-10-21 11:00:00,-1.0621625
2025-10-21 12:00:00,-0.359856
